station_code,city_name,lat,long,station_name,year,yearly_rain
009151,Perth,-31.96,115.79,Subiaco Wastewater Treatment Plant,1967,NA
009151,Perth,-31.96,115.79,Subiaco Wastewater Treatment Plant,1968,779
009151,Perth,-31.96,115.79,Subiaco Wastewater Treatment Plant,1969,553
009151,Perth,-31.96,115.79,Subiaco Wastewater Treatment Plant,1970,821
009151,Perth,-31.96,115.79,Subiaco Wastewater Treatment Plant,1971,NA
009151,Perth,-31.96,115.79,Subiaco Wastewater Treatment Plant,1972,525
009151,Perth,-31.96,115.79,Subiaco Wastewater Treatment Plant,1973,NA
009151,Perth,-31.96,115.79,Subiaco Wastewater Treatment Plant,1974,803
009151,Perth,-31.96,115.79,Subiaco Wastewater Treatment Plant,1975,565
009151,Perth,-31.96,115.79,Subiaco Wastewater Treatment Plant,1976,557
009151,Perth,-31.96,115.79,Subiaco Wastewater Treatment Plant,1977,426
009151,Perth,-31.96,115.79,Subiaco Wastewater Treatment Plant,1978,644
009151,Perth,-31.96,115.79,Subiaco Wastewater Treatment Plant,1979,NA
009151,Perth,-31.96,115.79,Subiaco Wastewater Treatment Plant,1980,783
009151,Perth,-31.96,115.79,Subiaco Wastewater Treatment Plant,1981,780
009151,Perth,-31.96,115.79,Subiaco Wastewater Treatment Plant,1982,754
009151,Perth,-31.96,115.79,Subiaco Wastewater Treatment Plant,1983,732
009151,Perth,-31.96,115.79,Subiaco Wastewater Treatment Plant,1984,421
009151,Perth,-31.96,115.79,Subiaco Wastewater Treatment Plant,1985,NA
009151,Perth,-31.96,115.79,Subiaco Wastewater Treatment Plant,1986,855
009151,Perth,-31.96,115.79,Subiaco Wastewater Treatment Plant,1987,716
009151,Perth,-31.96,115.79,Subiaco Wastewater Treatment Plant,1988,781
009151,Perth,-31.96,115.79,Subiaco Wastewater Treatment Plant,1989,670
009151,Perth,-31.96,115.79,Subiaco Wastewater Treatment Plant,1990,NA
009151,Perth,-31.96,115.79,Subiaco Wastewater Treatment Plant,1991,879
009151,Perth,-31.96,115.79,Subiaco Wastewater Treatment Plant,1992,NA
009151,Perth,-31.96,115.79,Subiaco Wastewater Treatment Plant,1993,NA
009151,Perth,-31.96,115.79,Subiaco Wastewater Treatment Plant,1994,680
009151,Perth,-31.96,115.79,Subiaco Wastewater Treatment Plant,1995,725
009151,Perth,-31.96,115.79,Subiaco Wastewater Treatment Plant,1996,814
009151,Perth,-31.96,115.79,Subiaco Wastewater Treatment Plant,1997,NA
009151,Perth,-31.96,115.79,Subiaco Wastewater Treatment Plant,1998,NA
009151,Perth,-31.96,115.79,Subiaco Wastewater Treatment Plant,1999,NA
009151,Perth,-31.96,115.79,Subiaco Wastewater Treatment Plant,2000,NA
009151,Perth,-31.96,115.79,Subiaco Wastewater Treatment Plant,2001,NA
009151,Perth,-31.96,115.79,Subiaco Wastewater Treatment Plant,2002,NA
009151,Perth,-31.96,115.79,Subiaco Wastewater Treatment Plant,2003,NA
009151,Perth,-31.96,115.79,Subiaco Wastewater Treatment Plant,2004,NA
009151,Perth,-31.96,115.79,Subiaco Wastewater Treatment Plant,2005,NA
009151,Perth,-31.96,115.79,Subiaco Wastewater Treatment Plant,2006,402
009151,Perth,-31.96,115.79,Subiaco Wastewater Treatment Plant,2007,NA
009151,Perth,-31.96,115.79,Subiaco Wastewater Treatment Plant,2008,NA
009151,Perth,-31.96,115.79,Subiaco Wastewater Treatment Plant,2009,NA
009151,Perth,-31.96,115.79,Subiaco Wastewater Treatment Plant,2010,NA
009151,Perth,-31.96,115.79,Subiaco Wastewater Treatment Plant,2011,NA
009151,Perth,-31.96,115.79,Subiaco Wastewater Treatment Plant,2012,NA
009151,Perth,-31.96,115.79,Subiaco Wastewater Treatment Plant,2013,NA
009151,Perth,-31.96,115.79,Subiaco Wastewater Treatment Plant,2014,NA
009151,Perth,-31.96,115.79,Subiaco Wastewater Treatment Plant,2015,NA
009151,Perth,-31.96,115.79,Subiaco Wastewater Treatment Plant,2016,NA
009151,Perth,-31.96,115.79,Subiaco Wastewater Treatment Plant,2017,NA
009151,Perth,-31.96,115.79,Subiaco Wastewater Treatment Plant,2018,NA
009151,Perth,-31.96,115.79,Subiaco Wastewater Treatment Plant,2019,526
009151,Perth,-31.96,115.79,Subiaco Wastewater Treatment Plant,2020,0
023011,Adelaide,-34.92,138.6,North Adelaide,1884,369
023011,Adelaide,-34.92,138.6,North Adelaide,1885,343
023011,Adelaide,-34.92,138.6,North Adelaide,1886,318
023011,Adelaide,-34.92,138.6,North Adelaide,1887,531
023011,Adelaide,-34.92,138.6,North Adelaide,1888,274
023011,Adelaide,-34.92,138.6,North Adelaide,1889,683
023011,Adelaide,-34.92,138.6,North Adelaide,1890,579
023011,Adelaide,-34.92,138.6,North Adelaide,1891,346
023011,Adelaide,-34.92,138.6,North Adelaide,1892,512
023011,Adelaide,-34.92,138.6,North Adelaide,1893,534
023011,Adelaide,-34.92,138.6,North Adelaide,1894,513
023011,Adelaide,-34.92,138.6,North Adelaide,1895,474
023011,Adelaide,-34.92,138.6,North Adelaide,1896,330
023011,Adelaide,-34.92,138.6,North Adelaide,1897,NA
023011,Adelaide,-34.92,138.6,North Adelaide,1898,NA
023011,Adelaide,-34.92,138.6,North Adelaide,1899,492
023011,Adelaide,-34.92,138.6,North Adelaide,1900,499
023011,Adelaide,-34.92,138.6,North Adelaide,1901,443
023011,Adelaide,-34.92,138.6,North Adelaide,1902,NA
023011,Adelaide,-34.92,138.6,North Adelaide,1903,629
023011,Adelaide,-34.92,138.6,North Adelaide,1904,509
023011,Adelaide,-34.92,138.6,North Adelaide,1905,546
023011,Adelaide,-34.92,138.6,North Adelaide,1906,706
023011,Adelaide,-34.92,138.6,North Adelaide,1907,494
023011,Adelaide,-34.92,138.6,North Adelaide,1908,699
023011,Adelaide,-34.92,138.6,North Adelaide,1909,742
023011,Adelaide,-34.92,138.6,North Adelaide,1910,696
023011,Adelaide,-34.92,138.6,North Adelaide,1911,435
023011,Adelaide,-34.92,138.6,North Adelaide,1912,523
023011,Adelaide,-34.92,138.6,North Adelaide,1913,466
023011,Adelaide,-34.92,138.6,North Adelaide,1914,292
023011,Adelaide,-34.92,138.6,North Adelaide,1915,486
023011,Adelaide,-34.92,138.6,North Adelaide,1916,761
023011,Adelaide,-34.92,138.6,North Adelaide,1917,815
023011,Adelaide,-34.92,138.6,North Adelaide,1918,486
023011,Adelaide,-34.92,138.6,North Adelaide,1919,497
023011,Adelaide,-34.92,138.6,North Adelaide,1920,737
023011,Adelaide,-34.92,138.6,North Adelaide,1921,651
023011,Adelaide,-34.92,138.6,North Adelaide,1922,657
023011,Adelaide,-34.92,138.6,North Adelaide,1923,802
023011,Adelaide,-34.92,138.6,North Adelaide,1924,656
023011,Adelaide,-34.92,138.6,North Adelaide,1925,563
023011,Adelaide,-34.92,138.6,North Adelaide,1926,588
023011,Adelaide,-34.92,138.6,North Adelaide,1927,457
023011,Adelaide,-34.92,138.6,North Adelaide,1928,510
023011,Adelaide,-34.92,138.6,North Adelaide,1929,393
023011,Adelaide,-34.92,138.6,North Adelaide,1930,NA
023011,Adelaide,-34.92,138.6,North Adelaide,1931,485
023011,Adelaide,-34.92,138.6,North Adelaide,1932,578
023011,Adelaide,-34.92,138.6,North Adelaide,1933,527
023011,Adelaide,-34.92,138.6,North Adelaide,1934,460
023011,Adelaide,-34.92,138.6,North Adelaide,1935,526
023011,Adelaide,-34.92,138.6,North Adelaide,1936,451
023011,Adelaide,-34.92,138.6,North Adelaide,1937,517
023011,Adelaide,-34.92,138.6,North Adelaide,1938,NA
023011,Adelaide,-34.92,138.6,North Adelaide,1939,NA
023011,Adelaide,-34.92,138.6,North Adelaide,1940,NA
023011,Adelaide,-34.92,138.6,North Adelaide,1941,NA
023011,Adelaide,-34.92,138.6,North Adelaide,1942,NA
023011,Adelaide,-34.92,138.6,North Adelaide,1943,NA
023011,Adelaide,-34.92,138.6,North Adelaide,1944,NA
023011,Adelaide,-34.92,138.6,North Adelaide,1945,NA
023011,Adelaide,-34.92,138.6,North Adelaide,1946,NA
023011,Adelaide,-34.92,138.6,North Adelaide,1947,539
023011,Adelaide,-34.92,138.6,North Adelaide,1948,NA
023011,Adelaide,-34.92,138.6,North Adelaide,1949,408
023011,Adelaide,-34.92,138.6,North Adelaide,1950,NA
023011,Adelaide,-34.92,138.6,North Adelaide,1951,621
023011,Adelaide,-34.92,138.6,North Adelaide,1952,510
023011,Adelaide,-34.92,138.6,North Adelaide,1953,537
023011,Adelaide,-34.92,138.6,North Adelaide,1954,427
023011,Adelaide,-34.92,138.6,North Adelaide,1955,595
023011,Adelaide,-34.92,138.6,North Adelaide,1956,714
023011,Adelaide,-34.92,138.6,North Adelaide,1957,363
023011,Adelaide,-34.92,138.6,North Adelaide,1958,454
023011,Adelaide,-34.92,138.6,North Adelaide,1959,263
023011,Adelaide,-34.92,138.6,North Adelaide,1960,550
023011,Adelaide,-34.92,138.6,North Adelaide,1961,328
023011,Adelaide,-34.92,138.6,North Adelaide,1962,480
023011,Adelaide,-34.92,138.6,North Adelaide,1963,596
023011,Adelaide,-34.92,138.6,North Adelaide,1964,554
023011,Adelaide,-34.92,138.6,North Adelaide,1965,359
023011,Adelaide,-34.92,138.6,North Adelaide,1966,NA
023011,Adelaide,-34.92,138.6,North Adelaide,1967,242
023011,Adelaide,-34.92,138.6,North Adelaide,1968,NA
023011,Adelaide,-34.92,138.6,North Adelaide,1969,508
023011,Adelaide,-34.92,138.6,North Adelaide,1970,436
023011,Adelaide,-34.92,138.6,North Adelaide,1971,651
023011,Adelaide,-34.92,138.6,North Adelaide,1972,418
023011,Adelaide,-34.92,138.6,North Adelaide,1973,639
023011,Adelaide,-34.92,138.6,North Adelaide,1974,599
023011,Adelaide,-34.92,138.6,North Adelaide,1975,487
023011,Adelaide,-34.92,138.6,North Adelaide,1976,341
023011,Adelaide,-34.92,138.6,North Adelaide,1977,NA
023011,Adelaide,-34.92,138.6,North Adelaide,1978,NA
023011,Adelaide,-34.92,138.6,North Adelaide,1979,553
023011,Adelaide,-34.92,138.6,North Adelaide,1980,469
023011,Adelaide,-34.92,138.6,North Adelaide,1981,619
023011,Adelaide,-34.92,138.6,North Adelaide,1982,310
023011,Adelaide,-34.92,138.6,North Adelaide,1983,630
023011,Adelaide,-34.92,138.6,North Adelaide,1984,461
023011,Adelaide,-34.92,138.6,North Adelaide,1985,502
023011,Adelaide,-34.92,138.6,North Adelaide,1986,531
023011,Adelaide,-34.92,138.6,North Adelaide,1987,476
023011,Adelaide,-34.92,138.6,North Adelaide,1988,451
023011,Adelaide,-34.92,138.6,North Adelaide,1989,413
023011,Adelaide,-34.92,138.6,North Adelaide,1990,422
023011,Adelaide,-34.92,138.6,North Adelaide,1991,427
023011,Adelaide,-34.92,138.6,North Adelaide,1992,785
023011,Adelaide,-34.92,138.6,North Adelaide,1993,446
023011,Adelaide,-34.92,138.6,North Adelaide,1994,NA
023011,Adelaide,-34.92,138.6,North Adelaide,1995,NA
023011,Adelaide,-34.92,138.6,North Adelaide,1996,NA
023011,Adelaide,-34.92,138.6,North Adelaide,1997,454
023011,Adelaide,-34.92,138.6,North Adelaide,1998,NA
023011,Adelaide,-34.92,138.6,North Adelaide,1999,NA
023011,Adelaide,-34.92,138.6,North Adelaide,2000,NA
023011,Adelaide,-34.92,138.6,North Adelaide,2001,NA
023011,Adelaide,-34.92,138.6,North Adelaide,2002,NA
023011,Adelaide,-34.92,138.6,North Adelaide,2003,NA
023011,Adelaide,-34.92,138.6,North Adelaide,2004,NA
023011,Adelaide,-34.92,138.6,North Adelaide,2005,NA
023011,Adelaide,-34.92,138.6,North Adelaide,2006,NA
023011,Adelaide,-34.92,138.6,North Adelaide,2007,NA
023011,Adelaide,-34.92,138.6,North Adelaide,2008,NA
023011,Adelaide,-34.92,138.6,North Adelaide,2009,NA
023011,Adelaide,-34.92,138.6,North Adelaide,2010,NA
023011,Adelaide,-34.92,138.6,North Adelaide,2011,NA
023011,Adelaide,-34.92,138.6,North Adelaide,2012,NA
023011,Adelaide,-34.92,138.6,North Adelaide,2013,NA
023011,Adelaide,-34.92,138.6,North Adelaide,2014,NA
023011,Adelaide,-34.92,138.6,North Adelaide,2015,NA
023011,Adelaide,-34.92,138.6,North Adelaide,2016,NA
023011,Adelaide,-34.92,138.6,North Adelaide,2017,NA
023011,Adelaide,-34.92,138.6,North Adelaide,2018,NA
023011,Adelaide,-34.92,138.6,North Adelaide,2019,NA
040383,Brisbane,-27.51,153.05,Greenslopes Private Hospital,1965,NA
040383,Brisbane,-27.51,153.05,Greenslopes Private Hospital,1966,NA
040383,Brisbane,-27.51,153.05,Greenslopes Private Hospital,1967,NA
040383,Brisbane,-27.51,153.05,Greenslopes Private Hospital,1968,NA
040383,Brisbane,-27.51,153.05,Greenslopes Private Hospital,1969,NA
040383,Brisbane,-27.51,153.05,Greenslopes Private Hospital,1970,NA
040383,Brisbane,-27.51,153.05,Greenslopes Private Hospital,1971,NA
040383,Brisbane,-27.51,153.05,Greenslopes Private Hospital,1972,NA
040383,Brisbane,-27.51,153.05,Greenslopes Private Hospital,1973,NA
040383,Brisbane,-27.51,153.05,Greenslopes Private Hospital,1974,NA
040383,Brisbane,-27.51,153.05,Greenslopes Private Hospital,1975,NA
040383,Brisbane,-27.51,153.05,Greenslopes Private Hospital,1976,NA
040383,Brisbane,-27.51,153.05,Greenslopes Private Hospital,1977,NA
040383,Brisbane,-27.51,153.05,Greenslopes Private Hospital,1978,NA
040383,Brisbane,-27.51,153.05,Greenslopes Private Hospital,1979,NA
040383,Brisbane,-27.51,153.05,Greenslopes Private Hospital,1980,NA
040383,Brisbane,-27.51,153.05,Greenslopes Private Hospital,1981,NA
040383,Brisbane,-27.51,153.05,Greenslopes Private Hospital,1982,NA
040383,Brisbane,-27.51,153.05,Greenslopes Private Hospital,1983,NA
040383,Brisbane,-27.51,153.05,Greenslopes Private Hospital,1984,NA
040383,Brisbane,-27.51,153.05,Greenslopes Private Hospital,1985,NA
040383,Brisbane,-27.51,153.05,Greenslopes Private Hospital,1986,NA
040383,Brisbane,-27.51,153.05,Greenslopes Private Hospital,1987,NA
040383,Brisbane,-27.51,153.05,Greenslopes Private Hospital,1988,NA
040383,Brisbane,-27.51,153.05,Greenslopes Private Hospital,1989,NA
040383,Brisbane,-27.51,153.05,Greenslopes Private Hospital,1990,NA
040383,Brisbane,-27.51,153.05,Greenslopes Private Hospital,1991,NA
040383,Brisbane,-27.51,153.05,Greenslopes Private Hospital,1992,NA
040383,Brisbane,-27.51,153.05,Greenslopes Private Hospital,1993,NA
040383,Brisbane,-27.51,153.05,Greenslopes Private Hospital,1994,NA
040383,Brisbane,-27.51,153.05,Greenslopes Private Hospital,1995,NA
040383,Brisbane,-27.51,153.05,Greenslopes Private Hospital,1996,NA
040383,Brisbane,-27.51,153.05,Greenslopes Private Hospital,1997,NA
040383,Brisbane,-27.51,153.05,Greenslopes Private Hospital,1998,NA
040383,Brisbane,-27.51,153.05,Greenslopes Private Hospital,1999,NA
040383,Brisbane,-27.51,153.05,Greenslopes Private Hospital,2000,NA
040383,Brisbane,-27.51,153.05,Greenslopes Private Hospital,2001,NA
040383,Brisbane,-27.51,153.05,Greenslopes Private Hospital,2002,NA
040383,Brisbane,-27.51,153.05,Greenslopes Private Hospital,2003,NA
040383,Brisbane,-27.51,153.05,Greenslopes Private Hospital,2004,NA
040383,Brisbane,-27.51,153.05,Greenslopes Private Hospital,2005,NA
040383,Brisbane,-27.51,153.05,Greenslopes Private Hospital,2006,NA
040383,Brisbane,-27.51,153.05,Greenslopes Private Hospital,2007,NA
040383,Brisbane,-27.51,153.05,Greenslopes Private Hospital,2008,NA
040383,Brisbane,-27.51,153.05,Greenslopes Private Hospital,2009,NA
040383,Brisbane,-27.51,153.05,Greenslopes Private Hospital,2010,NA
040383,Brisbane,-27.51,153.05,Greenslopes Private Hospital,2011,NA
040383,Brisbane,-27.51,153.05,Greenslopes Private Hospital,2012,NA
040383,Brisbane,-27.51,153.05,Greenslopes Private Hospital,2013,NA
040383,Brisbane,-27.51,153.05,Greenslopes Private Hospital,2014,NA
040383,Brisbane,-27.51,153.05,Greenslopes Private Hospital,2015,NA
040913,Brisbane,-27.48,153.04,Brisbane,1999,NA
040913,Brisbane,-27.48,153.04,Brisbane,2000,644
040913,Brisbane,-27.48,153.04,Brisbane,2001,1047
040913,Brisbane,-27.48,153.04,Brisbane,2002,693
040913,Brisbane,-27.48,153.04,Brisbane,2003,NA
040913,Brisbane,-27.48,153.04,Brisbane,2004,1018
040913,Brisbane,-27.48,153.04,Brisbane,2005,NA
040913,Brisbane,-27.48,153.04,Brisbane,2006,NA
040913,Brisbane,-27.48,153.04,Brisbane,2007,NA
040913,Brisbane,-27.48,153.04,Brisbane,2008,NA
040913,Brisbane,-27.48,153.04,Brisbane,2009,NA
040913,Brisbane,-27.48,153.04,Brisbane,2010,NA
040913,Brisbane,-27.48,153.04,Brisbane,2011,NA
040913,Brisbane,-27.48,153.04,Brisbane,2012,NA
040913,Brisbane,-27.48,153.04,Brisbane,2013,1062
040913,Brisbane,-27.48,153.04,Brisbane,2014,NA
040913,Brisbane,-27.48,153.04,Brisbane,2015,NA
040913,Brisbane,-27.48,153.04,Brisbane,2016,NA
040913,Brisbane,-27.48,153.04,Brisbane,2017,NA
040913,Brisbane,-27.48,153.04,Brisbane,2018,NA
040913,Brisbane,-27.48,153.04,Brisbane,2019,NA
040913,Brisbane,-27.48,153.04,Brisbane,2020,0
066062,Sydney,-33.86,151.21,Observatory Hill,1858,NA
066062,Sydney,-33.86,151.21,Observatory Hill,1859,1017
066062,Sydney,-33.86,151.21,Observatory Hill,1860,2040
066062,Sydney,-33.86,151.21,Observatory Hill,1861,1423
066062,Sydney,-33.86,151.21,Observatory Hill,1862,572
066062,Sydney,-33.86,151.21,Observatory Hill,1863,1139
066062,Sydney,-33.86,151.21,Observatory Hill,1864,1684
066062,Sydney,-33.86,151.21,Observatory Hill,1865,871
066062,Sydney,-33.86,151.21,Observatory Hill,1866,881
066062,Sydney,-33.86,151.21,Observatory Hill,1867,1459
066062,Sydney,-33.86,151.21,Observatory Hill,1868,1036
066062,Sydney,-33.86,151.21,Observatory Hill,1869,1157
066062,Sydney,-33.86,151.21,Observatory Hill,1870,1552
066062,Sydney,-33.86,151.21,Observatory Hill,1871,1268
066062,Sydney,-33.86,151.21,Observatory Hill,1872,872
066062,Sydney,-33.86,151.21,Observatory Hill,1873,1797
066062,Sydney,-33.86,151.21,Observatory Hill,1874,1545
066062,Sydney,-33.86,151.21,Observatory Hill,1875,1116
066062,Sydney,-33.86,151.21,Observatory Hill,1876,1103
066062,Sydney,-33.86,151.21,Observatory Hill,1877,1464
066062,Sydney,-33.86,151.21,Observatory Hill,1878,1213
066062,Sydney,-33.86,151.21,Observatory Hill,1879,1541
066062,Sydney,-33.86,151.21,Observatory Hill,1880,693
066062,Sydney,-33.86,151.21,Observatory Hill,1881,977
066062,Sydney,-33.86,151.21,Observatory Hill,1882,1023
066062,Sydney,-33.86,151.21,Observatory Hill,1883,1125
066062,Sydney,-33.86,151.21,Observatory Hill,1884,1061
066062,Sydney,-33.86,151.21,Observatory Hill,1885,959
066062,Sydney,-33.86,151.21,Observatory Hill,1886,941
066062,Sydney,-33.86,151.21,Observatory Hill,1887,1445
066062,Sydney,-33.86,151.21,Observatory Hill,1888,537
066062,Sydney,-33.86,151.21,Observatory Hill,1889,1374
066062,Sydney,-33.86,151.21,Observatory Hill,1890,1991
066062,Sydney,-33.86,151.21,Observatory Hill,1891,1337
066062,Sydney,-33.86,151.21,Observatory Hill,1892,1656
066062,Sydney,-33.86,151.21,Observatory Hill,1893,1100
066062,Sydney,-33.86,151.21,Observatory Hill,1894,890
066062,Sydney,-33.86,151.21,Observatory Hill,1895,744
066062,Sydney,-33.86,151.21,Observatory Hill,1896,1004
066062,Sydney,-33.86,151.21,Observatory Hill,1897,1007
066062,Sydney,-33.86,151.21,Observatory Hill,1898,1039
066062,Sydney,-33.86,151.21,Observatory Hill,1899,1355
066062,Sydney,-33.86,151.21,Observatory Hill,1900,1624
066062,Sydney,-33.86,151.21,Observatory Hill,1901,959
066062,Sydney,-33.86,151.21,Observatory Hill,1902,1020
066062,Sydney,-33.86,151.21,Observatory Hill,1903,912
066062,Sydney,-33.86,151.21,Observatory Hill,1904,1105
066062,Sydney,-33.86,151.21,Observatory Hill,1905,837
066062,Sydney,-33.86,151.21,Observatory Hill,1906,747
066062,Sydney,-33.86,151.21,Observatory Hill,1907,740
066062,Sydney,-33.86,151.21,Observatory Hill,1908,1090
066062,Sydney,-33.86,151.21,Observatory Hill,1909,760
066062,Sydney,-33.86,151.21,Observatory Hill,1910,1120
066062,Sydney,-33.86,151.21,Observatory Hill,1911,1206
066062,Sydney,-33.86,151.21,Observatory Hill,1912,1140
066062,Sydney,-33.86,151.21,Observatory Hill,1913,1405
066062,Sydney,-33.86,151.21,Observatory Hill,1914,1362
066062,Sydney,-33.86,151.21,Observatory Hill,1915,834
066062,Sydney,-33.86,151.21,Observatory Hill,1916,1071
066062,Sydney,-33.86,151.21,Observatory Hill,1917,1262
066062,Sydney,-33.86,151.21,Observatory Hill,1918,1031
066062,Sydney,-33.86,151.21,Observatory Hill,1919,1424
066062,Sydney,-33.86,151.21,Observatory Hill,1920,1034
066062,Sydney,-33.86,151.21,Observatory Hill,1921,1039
066062,Sydney,-33.86,151.21,Observatory Hill,1922,936
066062,Sydney,-33.86,151.21,Observatory Hill,1923,888
066062,Sydney,-33.86,151.21,Observatory Hill,1924,876
066062,Sydney,-33.86,151.21,Observatory Hill,1925,1215
066062,Sydney,-33.86,151.21,Observatory Hill,1926,879
066062,Sydney,-33.86,151.21,Observatory Hill,1927,1175
066062,Sydney,-33.86,151.21,Observatory Hill,1928,958
066062,Sydney,-33.86,151.21,Observatory Hill,1929,1413
066062,Sydney,-33.86,151.21,Observatory Hill,1930,1066
066062,Sydney,-33.86,151.21,Observatory Hill,1931,1187
066062,Sydney,-33.86,151.21,Observatory Hill,1932,888
066062,Sydney,-33.86,151.21,Observatory Hill,1933,1019
066062,Sydney,-33.86,151.21,Observatory Hill,1934,1560
066062,Sydney,-33.86,151.21,Observatory Hill,1935,728
066062,Sydney,-33.86,151.21,Observatory Hill,1936,709
066062,Sydney,-33.86,151.21,Observatory Hill,1937,1259
066062,Sydney,-33.86,151.21,Observatory Hill,1938,937
066062,Sydney,-33.86,151.21,Observatory Hill,1939,795
066062,Sydney,-33.86,151.21,Observatory Hill,1940,947
066062,Sydney,-33.86,151.21,Observatory Hill,1941,619
066062,Sydney,-33.86,151.21,Observatory Hill,1942,1193
066062,Sydney,-33.86,151.21,Observatory Hill,1943,1224
066062,Sydney,-33.86,151.21,Observatory Hill,1944,730
066062,Sydney,-33.86,151.21,Observatory Hill,1945,1113
066062,Sydney,-33.86,151.21,Observatory Hill,1946,862
066062,Sydney,-33.86,151.21,Observatory Hill,1947,977
066062,Sydney,-33.86,151.21,Observatory Hill,1948,928
066062,Sydney,-33.86,151.21,Observatory Hill,1949,1617
066062,Sydney,-33.86,151.21,Observatory Hill,1950,2115
066062,Sydney,-33.86,151.21,Observatory Hill,1951,1288
066062,Sydney,-33.86,151.21,Observatory Hill,1952,1450
066062,Sydney,-33.86,151.21,Observatory Hill,1953,988
066062,Sydney,-33.86,151.21,Observatory Hill,1954,983
066062,Sydney,-33.86,151.21,Observatory Hill,1955,1769
066062,Sydney,-33.86,151.21,Observatory Hill,1956,1648
066062,Sydney,-33.86,151.21,Observatory Hill,1957,634
066062,Sydney,-33.86,151.21,Observatory Hill,1958,1438
066062,Sydney,-33.86,151.21,Observatory Hill,1959,1438
066062,Sydney,-33.86,151.21,Observatory Hill,1960,1231
066062,Sydney,-33.86,151.21,Observatory Hill,1961,1372
066062,Sydney,-33.86,151.21,Observatory Hill,1962,1077
066062,Sydney,-33.86,151.21,Observatory Hill,1963,1962
066062,Sydney,-33.86,151.21,Observatory Hill,1964,1058
066062,Sydney,-33.86,151.21,Observatory Hill,1965,865
066062,Sydney,-33.86,151.21,Observatory Hill,1966,1172
066062,Sydney,-33.86,151.21,Observatory Hill,1967,1279
066062,Sydney,-33.86,151.21,Observatory Hill,1968,576
066062,Sydney,-33.86,151.21,Observatory Hill,1969,1391
066062,Sydney,-33.86,151.21,Observatory Hill,1970,1054
066062,Sydney,-33.86,151.21,Observatory Hill,1971,1051
066062,Sydney,-33.86,151.21,Observatory Hill,1972,1211
066062,Sydney,-33.86,151.21,Observatory Hill,1973,1437
066062,Sydney,-33.86,151.21,Observatory Hill,1974,1543
066062,Sydney,-33.86,151.21,Observatory Hill,1975,1238
066062,Sydney,-33.86,151.21,Observatory Hill,1976,1720
066062,Sydney,-33.86,151.21,Observatory Hill,1977,877
066062,Sydney,-33.86,151.21,Observatory Hill,1978,1446
066062,Sydney,-33.86,151.21,Observatory Hill,1979,764
066062,Sydney,-33.86,151.21,Observatory Hill,1980,697
066062,Sydney,-33.86,151.21,Observatory Hill,1981,988
066062,Sydney,-33.86,151.21,Observatory Hill,1982,789
066062,Sydney,-33.86,151.21,Observatory Hill,1983,1288
066062,Sydney,-33.86,151.21,Observatory Hill,1984,1741
066062,Sydney,-33.86,151.21,Observatory Hill,1985,1159
066062,Sydney,-33.86,151.21,Observatory Hill,1986,1175
066062,Sydney,-33.86,151.21,Observatory Hill,1987,1262
066062,Sydney,-33.86,151.21,Observatory Hill,1988,1805
066062,Sydney,-33.86,151.21,Observatory Hill,1989,1463
066062,Sydney,-33.86,151.21,Observatory Hill,1990,1917
066062,Sydney,-33.86,151.21,Observatory Hill,1991,1076
066062,Sydney,-33.86,151.21,Observatory Hill,1992,1225
066062,Sydney,-33.86,151.21,Observatory Hill,1993,864
066062,Sydney,-33.86,151.21,Observatory Hill,1994,859
066062,Sydney,-33.86,151.21,Observatory Hill,1995,1179
066062,Sydney,-33.86,151.21,Observatory Hill,1996,1097
066062,Sydney,-33.86,151.21,Observatory Hill,1997,1034
066062,Sydney,-33.86,151.21,Observatory Hill,1998,1592
066062,Sydney,-33.86,151.21,Observatory Hill,1999,1405
066062,Sydney,-33.86,151.21,Observatory Hill,2000,773
066062,Sydney,-33.86,151.21,Observatory Hill,2001,1305
066062,Sydney,-33.86,151.21,Observatory Hill,2002,811
066062,Sydney,-33.86,151.21,Observatory Hill,2003,1149
066062,Sydney,-33.86,151.21,Observatory Hill,2004,951
066062,Sydney,-33.86,151.21,Observatory Hill,2005,774
066062,Sydney,-33.86,151.21,Observatory Hill,2006,937
066062,Sydney,-33.86,151.21,Observatory Hill,2007,1446
066062,Sydney,-33.86,151.21,Observatory Hill,2008,1028
066062,Sydney,-33.86,151.21,Observatory Hill,2009,911
066062,Sydney,-33.86,151.21,Observatory Hill,2010,NA
066062,Sydney,-33.86,151.21,Observatory Hill,2011,1298
066062,Sydney,-33.86,151.21,Observatory Hill,2012,1159
066062,Sydney,-33.86,151.21,Observatory Hill,2013,1299
066062,Sydney,-33.86,151.21,Observatory Hill,2014,NA
066062,Sydney,-33.86,151.21,Observatory Hill,2015,1281
066062,Sydney,-33.86,151.21,Observatory Hill,2016,1338
066062,Sydney,-33.86,151.21,Observatory Hill,2017,NA
066062,Sydney,-33.86,151.21,Observatory Hill,2018,NA
066062,Sydney,-33.86,151.21,Observatory Hill,2019,811
066062,Sydney,-33.86,151.21,Observatory Hill,2020,0
070351,Canberra,-35.31,149.2,Canberra Airport,2008,NA
070351,Canberra,-35.31,149.2,Canberra Airport,2009,395
070351,Canberra,-35.31,149.2,Canberra Airport,2010,919
070351,Canberra,-35.31,149.2,Canberra Airport,2011,NA
070351,Canberra,-35.31,149.2,Canberra Airport,2012,657
070351,Canberra,-35.31,149.2,Canberra Airport,2013,502
070351,Canberra,-35.31,149.2,Canberra Airport,2014,NA
070351,Canberra,-35.31,149.2,Canberra Airport,2015,NA
070351,Canberra,-35.31,149.2,Canberra Airport,2016,743
070351,Canberra,-35.31,149.2,Canberra Airport,2017,NA
070351,Canberra,-35.31,149.2,Canberra Airport,2018,NA
070351,Canberra,-35.31,149.2,Canberra Airport,2019,330
070351,Canberra,-35.31,149.2,Canberra Airport,2020,0
086232,Melbourne,-37.83,144.98,Melbourne Botanical Gardens,1964,NA
086232,Melbourne,-37.83,144.98,Melbourne Botanical Gardens,1965,609
086232,Melbourne,-37.83,144.98,Melbourne Botanical Gardens,1966,651
086232,Melbourne,-37.83,144.98,Melbourne Botanical Gardens,1967,NA
086232,Melbourne,-37.83,144.98,Melbourne Botanical Gardens,1968,491
086232,Melbourne,-37.83,144.98,Melbourne Botanical Gardens,1969,608
086232,Melbourne,-37.83,144.98,Melbourne Botanical Gardens,1970,806
086232,Melbourne,-37.83,144.98,Melbourne Botanical Gardens,1971,NA
086232,Melbourne,-37.83,144.98,Melbourne Botanical Gardens,1972,576
086232,Melbourne,-37.83,144.98,Melbourne Botanical Gardens,1973,847
086232,Melbourne,-37.83,144.98,Melbourne Botanical Gardens,1974,826
086232,Melbourne,-37.83,144.98,Melbourne Botanical Gardens,1975,NA
086232,Melbourne,-37.83,144.98,Melbourne Botanical Gardens,1976,NA
086232,Melbourne,-37.83,144.98,Melbourne Botanical Gardens,1977,651
086232,Melbourne,-37.83,144.98,Melbourne Botanical Gardens,1978,876
086232,Melbourne,-37.83,144.98,Melbourne Botanical Gardens,1979,554
086232,Melbourne,-37.83,144.98,Melbourne Botanical Gardens,1980,NA
086232,Melbourne,-37.83,144.98,Melbourne Botanical Gardens,1981,582
086232,Melbourne,-37.83,144.98,Melbourne Botanical Gardens,1982,448
086232,Melbourne,-37.83,144.98,Melbourne Botanical Gardens,1983,662
086232,Melbourne,-37.83,144.98,Melbourne Botanical Gardens,1984,NA
086232,Melbourne,-37.83,144.98,Melbourne Botanical Gardens,1985,776
086232,Melbourne,-37.83,144.98,Melbourne Botanical Gardens,1986,530
086232,Melbourne,-37.83,144.98,Melbourne Botanical Gardens,1987,649
086232,Melbourne,-37.83,144.98,Melbourne Botanical Gardens,1988,628
086232,Melbourne,-37.83,144.98,Melbourne Botanical Gardens,1989,761
086232,Melbourne,-37.83,144.98,Melbourne Botanical Gardens,1990,587
086232,Melbourne,-37.83,144.98,Melbourne Botanical Gardens,1991,NA
086232,Melbourne,-37.83,144.98,Melbourne Botanical Gardens,1992,813
086232,Melbourne,-37.83,144.98,Melbourne Botanical Gardens,1993,NA
086232,Melbourne,-37.83,144.98,Melbourne Botanical Gardens,1994,NA
086232,Melbourne,-37.83,144.98,Melbourne Botanical Gardens,1995,NA
086232,Melbourne,-37.83,144.98,Melbourne Botanical Gardens,1996,NA
086232,Melbourne,-37.83,144.98,Melbourne Botanical Gardens,1997,NA
086232,Melbourne,-37.83,144.98,Melbourne Botanical Gardens,1998,NA
086232,Melbourne,-37.83,144.98,Melbourne Botanical Gardens,1999,NA
086232,Melbourne,-37.83,144.98,Melbourne Botanical Gardens,2000,NA
086232,Melbourne,-37.83,144.98,Melbourne Botanical Gardens,2001,NA
086232,Melbourne,-37.83,144.98,Melbourne Botanical Gardens,2002,NA
086232,Melbourne,-37.83,144.98,Melbourne Botanical Gardens,2003,434
086232,Melbourne,-37.83,144.98,Melbourne Botanical Gardens,2004,NA
086232,Melbourne,-37.83,144.98,Melbourne Botanical Gardens,2005,NA
086232,Melbourne,-37.83,144.98,Melbourne Botanical Gardens,2006,NA
086232,Melbourne,-37.83,144.98,Melbourne Botanical Gardens,2007,NA
086232,Melbourne,-37.83,144.98,Melbourne Botanical Gardens,2008,371
086232,Melbourne,-37.83,144.98,Melbourne Botanical Gardens,2009,362
086232,Melbourne,-37.83,144.98,Melbourne Botanical Gardens,2010,NA
086232,Melbourne,-37.83,144.98,Melbourne Botanical Gardens,2011,NA
086232,Melbourne,-37.83,144.98,Melbourne Botanical Gardens,2012,NA
086232,Melbourne,-37.83,144.98,Melbourne Botanical Gardens,2013,NA
086232,Melbourne,-37.83,144.98,Melbourne Botanical Gardens,2014,NA
086232,Melbourne,-37.83,144.98,Melbourne Botanical Gardens,2015,NA
086232,Melbourne,-37.83,144.98,Melbourne Botanical Gardens,2016,NA
086232,Melbourne,-37.83,144.98,Melbourne Botanical Gardens,2017,NA
086232,Melbourne,-37.83,144.98,Melbourne Botanical Gardens,2018,NA
086232,Melbourne,-37.83,144.98,Melbourne Botanical Gardens,2019,NA
086232,Melbourne,-37.83,144.98,Melbourne Botanical Gardens,2020,13
